{"cameraMode":{"drawMode":0,"name":"Shaded","section":"Shading Mode"},"sceneLighting":false,"audioPlay":false,"sceneViewState":{"showFog":true,"showMaterialUpdate":false,"showSkybox":true,"showFlares":true,"showImageEffects":true,"showParticleSystems":true},"in2DMode":false,"pivot":{"x":0.16000008583068849,"y":8.5,"z":0.002499997615814209},"rotation":{"x":-0.009291578084230423,"y":0.7946578860282898,"z":-0.012166855856776238,"w":-0.6068645119667053},"size":28.76824378967285,"orthographic":false}